Spotify ID,Artist IDs,Track Name,Album Name,Artist Name(s),Release Date,Duration (ms),Popularity,Added By,Added At,Genres,Danceability,Energy,Key,Loudness,Mode,Speechiness,Acousticness,Instrumentalness,Liveness,Valence,Tempo,Time Signature
5znGq4d7g9GRd1KridO5wx,"3Zj2B8yAi8gHoR8vpsPatZ","Too Much is Never Enough","Too Much is Never Enough","Gideon",2022-12-02,185321,24,spotify:user:7oy1cahboqkwjull3fqfl083i,2024-01-04T23:19:58Z,"alabama metal,american metalcore,christian metalcore,deathcore,melodic metalcore,metalcore",0.614,0.913,10,-3.605,0,0.124,0.000192,0.00000157,0.286,0.829,152.796,4
7f3tPmsyBQc0sua0SAINlZ,"7rXo5QTwwFBYZ5Z3veUVg8","Back And To The Left","Do You Know Who You Are?: The Complete Collection","Texas Is The Reason",2013-02-12,235466,36,spotify:user:7oy1cahboqkwjull3fqfl083i,2024-01-04T23:20:10Z,"emo,emo punk,midwest emo,post-hardcore",0.23,0.979,2,-3.84,1,0.0931,0.0000735,0.0541,0.109,0.22,183.619,4
1Pqhq2ye1RXP3WMAqrv12b,"0kyNLeO6bs7Flcj512nmwn","For Energy Infinite","We're Already There","Mazarin",2005-01-01,195533,27,spotify:user:7oy1cahboqkwjull3fqfl083i,2024-01-04T23:20:10Z,"stomp pop",0.436,0.891,2,-4.534,1,0.0644,0.0000451,0.0334,0.132,0.791,162.983,4
1MVqeIAwhD4T44AKVkIfic,"4oLeXFyACqeem2VImYeBFe,5SXuuuRpukkTvsLuUknva1","leavemealone","leavemealone","Fred again..,Baby Keem",2023-12-08,222784,73,spotify:user:7oy1cahboqkwjull3fqfl083i,2024-01-04T23:20:11Z,"edm,house,stutter house,hip hop,rap",0.68,0.881,0,-4.503,1,0.0553,0.00499,0.0253,0.574,0.105,174.062,4
2gnYFQWMzj8bNX4dDJyWzW,"0gvHPdYxlU94W7V5MSIlFe","DemiRep","The Singles","Bikini Kill",1998-06-23,167306,44,spotify:user:7oy1cahboqkwjull3fqfl083i,2024-01-04T23:20:12Z,"olympia wa indie,punk,riot grrrl",0.428,0.76,1,-5.106,1,0.27,0.091,0.0000112,0.328,0.427,141.484,4
0gH7MNXQud3Pvnfv1zk3bL,"3ggwAqZD3lyT2sbovlmfQY","Future Breed Machine","Destroy Erase Improve (Reloaded)","Meshuggah",1995,348682,44,spotify:user:7oy1cahboqkwjull3fqfl083i,2024-01-04T23:20:13Z,"alternative metal,djent,groove metal,metal,nu metal,progressive groove metal,swedish metal,technical groove metal,technical thrash",0.299,0.97,1,-6.865,1,0.157,0.000993,0.0953,0.304,0.154,175.353,1
29EPImPtRiMHXONTJGMhip,"4DUQBYAyOTZotSEdKhaf6c","Whole","Colourmeinkindness","Basement",2012-10-23,190641,55,spotify:user:7oy1cahboqkwjull3fqfl083i,2024-01-04T23:20:14Z,"alternative emo,dreamo,emo",0.268,0.915,1,-5.21,1,0.0614,0.0000462,0.199,0.0737,0.334,75.921,4
4VgSAJr33E8dkG9bseg1TH,"5esKrGWvWmBAmjnao5jInN","Out for Blood","Fake Blood","Heart Attack Man",2019-04-19,175226,36,spotify:user:7oy1cahboqkwjull3fqfl083i,2024-01-04T23:20:14Z,"alternative emo,pop punk",0.5,0.901,8,-4.914,1,0.0366,0.00217,0,0.628,0.609,179.999,4
1158ckiB5S4cpsdYHDB9IF,"6Ghvu1VvMGScGpOUJBAHNH","My Own Summer (Shove It)","Around the Fur","Deftones",1997-10-27,214760,77,spotify:user:7oy1cahboqkwjull3fqfl083i,2024-01-04T23:20:15Z,"alternative metal,nu metal,rap metal,rock,sacramento indie",0.443,0.781,1,-4.277,1,0.0377,0.0000133,0.205,0.166,0.372,71.841,4
7vgaC0MnJ292TsacAo7XPq,"4nqmTWHyNzL8LqwSwoRmuZ","DEAD WEIGHT","DEAD WEIGHT","Southpaw FLHC",2023-12-01,186110,30,spotify:user:7oy1cahboqkwjull3fqfl083i,2024-01-04T23:20:15Z,"",0.317,0.956,7,-3.016,1,0.257,0.000667,0.00000121,0.331,0.418,184.16,5
1wP0Dmcq8CpYI1SiJpb3VL,"1lKZzN2d4IqiEYxyECIEHI","We're Gonna Make It To Kilby!","you'll be fine","Hot Mulligan",2020-03-06,185400,40,spotify:user:7oy1cahboqkwjull3fqfl083i,2024-01-04T23:20:16Z,"alternative emo,emo,pop punk",0.458,0.962,8,-3.497,1,0.0687,0.00221,0,0.245,0.307,160.011,4
4ayv8s2h6RbBAQyvPS76oN,"2FdTMoKlQiI4m0158FbrQE","Unclench Your Jaw","I’m Scared That’s All There Is","Ben Quad",2022-06-29,98761,26,spotify:user:7oy1cahboqkwjull3fqfl083i,2024-01-04T23:20:17Z,"5th wave emo,diy emo,tulsa indie",0.414,0.947,0,-3.93,1,0.121,0.0000547,0.0011,0.354,0.718,87.528,4
5ykzMyjf4Mfi45iy5pyTAG,"2FdTMoKlQiI4m0158FbrQE","Blood for the Blood God","I’m Scared That’s All There Is","Ben Quad",2022-06-29,211592,37,spotify:user:7oy1cahboqkwjull3fqfl083i,2024-01-04T23:20:18Z,"5th wave emo,diy emo,tulsa indie",0.47,0.962,6,-4.542,1,0.0784,0.0000216,0.117,0.367,0.59,133.986,4
7vN4s56DFYoDs7plSPkthe,"4qrHkx5cgWIslciLXUMrYw","Belleville","A Different Shade of Blue","Knocked Loose",2019-08-23,196806,49,spotify:user:7oy1cahboqkwjull3fqfl083i,2024-01-04T23:20:18Z,"kentucky metal,kentucky punk",0.271,0.961,5,-2.848,1,0.195,0.0000863,0.00000278,0.16,0.181,89.63,4
2j3HBu61IfBHhxnMAw9xlb,"6O7MpKrY91vlCd4Osi6XKs","Faithless","Black Veil Brides","Black Veil Brides",2014-10-27,288173,41,spotify:user:7oy1cahboqkwjull3fqfl083i,2024-01-04T23:20:19Z,"alternative metal,pop punk",0.449,0.98,10,-2.793,0,0.152,0.000103,0.000859,0.242,0.173,165.062,4
2rBHnIxbhkMGLpqmsNX91M,"2d0hyoQ5ynDBnkvAbJKORj","Bombtrack","Rage Against The Machine - XX (20th Anniversary Special Edition)","Rage Against The Machine",1992,243453,65,spotify:user:7oy1cahboqkwjull3fqfl083i,2024-01-04T23:20:20Z,"alternative metal,alternative rock,conscious hip hop,funk metal,hard rock,nu metal,political hip hop,post-grunge,rap metal,rap rock,rock",0.459,0.926,4,-3.415,1,0.155,0.0239,0.0000193,0.183,0.569,151.534,4
2lSYQyP8LYXyfSp6S1kJu0,"0aWanrbf83QSmIRYSYdNOR","Cheetah","Cheetah","Deux Visages",2023-03-25,182000,44,spotify:user:7oy1cahboqkwjull3fqfl083i,2024-01-04T23:20:20Z,"",0.335,0.823,4,-6.508,0,0.0532,0.00138,0.00162,0.144,0.511,171.953,4
6y7er7A5eYlJMALDxMNfgH,"7l1y2qfjB7Rlqk1ordKmob","Relapse","Momentum","Momentum",2021-09-24,250921,31,spotify:user:7oy1cahboqkwjull3fqfl083i,2024-01-04T23:20:21Z,"california hardcore,metallic hardcore",0.559,0.945,7,-3.839,1,0.0735,0.000112,0.00000156,0.363,0.285,90.212,4
4UgE1WNkEoajKZsJ9ynyoH,"64mPnRMMeudAet0E62ypkx","Moron TV","Green Naugahyde","Primus",2011-09-13,277813,24,spotify:user:7oy1cahboqkwjull3fqfl083i,2024-01-04T23:20:22Z,"alternative metal,alternative rock,funk metal,funk rock,grunge,nu metal",0.485,0.896,4,-5.49,1,0.117,0.206,0.93,0.156,0.715,151.473,4
3heBIU1G3GTA6NkbZdBCfp,"0epidpyARaIPmKpFUwcgnJ","I Feel Fine, Pt. 1","Scott Pilgrim Takes Off (Soundtrack from the Netflix Original Series)","Sex Bob-Omb",2023-11-17,56821,47,spotify:user:7oy1cahboqkwjull3fqfl083i,2024-01-04T23:20:22Z,"comedy rock",0.324,0.63,4,-6.855,1,0.0613,0.0134,0.0304,0.101,0.358,94.853,3
2czqsuJetQmyHxx3M009FX,"79HbBkVgOVUuVhuTJ50pIx","Sunshine","Still Love","Teenage Wrist",2023-08-04,194010,37,spotify:user:7oy1cahboqkwjull3fqfl083i,2024-01-04T23:20:23Z,"dreamo,grungegaze,modern alternative rock,post-grunge",0.479,0.966,3,-2.771,1,0.112,0.0016,0,0.364,0.448,143.015,4
06On3wFLldw6MXK74htgyE,"0mtMPfbdQSjhKxXVGgtLCx","Heaven's Gate","D.E.M.O.","Outta Pocket",2020-10-16,115910,39,spotify:user:7oy1cahboqkwjull3fqfl083i,2024-01-04T23:20:24Z,"california hardcore",0.347,0.981,6,-4.917,1,0.0904,0.00174,0.000357,0.129,0.28,90.987,4
0rFdjHoldrbHIBeUIjxi5a,"6P5ccCJCe8A4s9tDSTNFzF","The Razor's Apple","We're Not Here to Be Loved","Fleshwater",2022-11-04,191236,52,spotify:user:7oy1cahboqkwjull3fqfl083i,2024-01-04T23:21:25Z,"grungegaze,zoomergaze",0.336,0.943,1,-3.46,0,0.0892,0.00000361,0.0149,0.317,0.394,73.604,4
4DwNBBeCrztmAxBuM3UrVX,"5BvJzeQpmsdsFp4HGUYUEx","I Stand Corrected","Vampire Weekend","Vampire Weekend",2008-01-29,159760,40,spotify:user:7oy1cahboqkwjull3fqfl083i,2024-01-04T23:23:59Z,"baroque pop,chamber pop,garage rock,indie rock,indietronica,modern rock",0.679,0.64,7,-9.418,1,0.111,0.275,0.351,0.176,0.111,160.023,4
607EA1HsuzrqqaPuxyNqpD,"5BvJzeQpmsdsFp4HGUYUEx","Step","Modern Vampires of the City","Vampire Weekend",2013-05-13,251626,56,spotify:user:7oy1cahboqkwjull3fqfl083i,2024-01-04T23:24:12Z,"baroque pop,chamber pop,garage rock,indie rock,indietronica,modern rock",0.624,0.724,10,-7.113,1,0.1,0.594,0.0000075,0.101,0.63,78.008,4
6tULAjasyLTeJecwhcIHCo,"40Yq4vzPs9VNUrIBG5Jr2i","Hummer - 2011 Remaster","Siamese Dream (Deluxe Edition)","The Smashing Pumpkins",1993,416186,49,spotify:user:7oy1cahboqkwjull3fqfl083i,2024-01-04T23:24:43Z,"alternative metal,alternative rock,grunge,permanent wave,rock,spacegrunge",0.294,0.544,2,-9.836,1,0.034,0.00166,0.441,0.37,0.113,165.933,4
6xaWf5NdVg6LAosJNy7XsH,"06W84OT2eFUNVwG85UsxJw","Command Z","Superstar","Caroline Rose",2020-03-06,82168,2,spotify:user:7oy1cahboqkwjull3fqfl083i,2024-01-04T23:25:29Z,"indie pop,indie surf,vermont indie",0.752,0.93,4,-4.951,0,0.0519,0.00954,0.836,0.0701,0.69,120.995,4
1UegvfqeikDPozAcaIWIuI,"06W84OT2eFUNVwG85UsxJw","Nothing’s Impossible","Superstar","Caroline Rose",2020-03-06,248211,2,spotify:user:7oy1cahboqkwjull3fqfl083i,2024-01-04T23:25:43Z,"indie pop,indie surf,vermont indie",0.313,0.494,0,-5.188,1,0.0427,0.0186,0.114,0.145,0.341,67.475,4
6Z2f2z5jS3J2mPcAmO50bD,"1pBeRGeBHNPLy95LswDViS","Mind Your Business","Sunami","Sunami",2020-06-05,115213,47,spotify:user:7oy1cahboqkwjull3fqfl083i,2024-01-04T23:28:12Z,"california hardcore",0.384,0.996,4,-1.312,1,0.183,0.000237,0.0107,0.107,0.176,154.98,4
1ce5zaxyFDdGEdOXJsLhgB,"1pBeRGeBHNPLy95LswDViS","Feds Watchin'","Sunami","Sunami",2020-06-05,120493,43,spotify:user:7oy1cahboqkwjull3fqfl083i,2024-01-04T23:29:09Z,"california hardcore",0.375,0.998,7,-1.75,1,0.159,0.00152,0.000129,0.188,0.361,165.115,4
7EonSdJtuXjpwON6u5UOYa,"1llYaLn43cLcbWg9M4t0Y3","Overthrone","Split","Judiciary",2017-07-21,115599,40,spotify:user:7oy1cahboqkwjull3fqfl083i,2024-01-04T23:29:36Z,"metallic hardcore",0.314,0.918,5,-4.942,0,0.108,0.00000287,0.000149,0.232,0.571,132.388,4
61rfS20DxQ98dVLn36MOgG,"1llYaLn43cLcbWg9M4t0Y3,4qrHkx5cgWIslciLXUMrYw","Stronger Than Thou","Surface Noise","Judiciary,Knocked Loose",2019-01-25,175028,26,spotify:user:7oy1cahboqkwjull3fqfl083i,2024-01-04T23:29:54Z,"metallic hardcore,kentucky metal,kentucky punk",0.31,0.996,5,-4.464,0,0.133,0.000228,0.0147,0.0936,0.171,144.367,4
6BNPwD7KTEHu31hles8CyD,"2qnpHrOzdmOo1S4ox3j17x","Death Grip","Pressure to Succeed","Turnstile",2011-04-26,190728,39,spotify:user:7oy1cahboqkwjull3fqfl083i,2024-01-04T23:30:26Z,"hardcore punk,modern melodic hardcore",0.431,0.921,9,-4.085,1,0.0768,0.0201,0.00000116,0.255,0.4,83.446,4
6VXvF0vyfK2T7TEysBmLJa,"7AQzXO3NPNQsI7oNu5rC3r","Wave Motion Gun","Shapeshifter","Marcy Playground",1999-01-01,225626,37,spotify:user:7oy1cahboqkwjull3fqfl083i,2024-01-04T23:33:02Z,"alternative metal,alternative rock,grunge,pop rock,post-grunge",0.686,0.71,4,-5.094,1,0.0365,0.198,0.00000431,0.382,0.74,112.203,4
5b0ZF8RwNuLESUAYf883Hq,"38tO9pZm2G0JjANgRFvC1a","Straight from Da Tribe of Tha Moon","My People... Hold On","Zulu",2020-09-02,70653,38,spotify:user:7oy1cahboqkwjull3fqfl083i,2024-01-04T23:38:12Z,"black punk,california hardcore,la hardcore,modern hardcore",0.416,0.87,7,-3.76,1,0.155,0.000166,0.00000534,0.145,0.247,141.258,5
6UY33tXrM1P2cDw3OU9fXm,"2CnhqfjUG0qzsru0SMuhrk","Stab","Shed","Title Fight",2011-05-03,120706,50,spotify:user:7oy1cahboqkwjull3fqfl083i,2024-01-04T23:40:56Z,"dreamo,emo,grungegaze,spacegrunge,zoomergaze",0.221,0.976,9,-3.852,1,0.0924,0.0000733,0,0.269,0.477,81.933,4
0MckSdItlR6prb553Jbyej,"6hW33nVHPElaXuG2hQ0QOp","Bloodhound","How Flowers Grow","Scowl",2021-11-19,94360,0,spotify:user:7oy1cahboqkwjull3fqfl083i,2024-01-04T23:42:20Z,"california hardcore,modern hardcore",0.241,0.992,6,-3.766,1,0.124,0.00294,0.614,0.414,0.362,86.519,4
5qQ79s8gMS3PrCVYdRrZaP,"5fykvz752c33lwg0PrTmUs,3uPce3TKw7cjheMNhuhNs9","FUCK A PROUD BOY","FUCK A PROUD BOY","Kind Eyes,UnityTX",2021-07-16,136202,35,spotify:user:7oy1cahboqkwjull3fqfl083i,2024-01-04T23:43:04Z,"downtempo deathcore,metallic hardcore",0.437,0.942,8,-4.303,1,0.253,0.0000108,0.844,0.141,0.319,144.921,4
6EI3gG0eNw2Cniu6RZOUvU,"2qnpHrOzdmOo1S4ox3j17x","Harder On You","Move Thru Me","Turnstile",2016-09-16,64058,33,spotify:user:7oy1cahboqkwjull3fqfl083i,2024-01-04T23:45:44Z,"hardcore punk,modern melodic hardcore",0.443,0.977,9,-5.792,0,0.0632,0.0000736,0.00784,0.931,0.117,166.051,4
1T8py1nh6wsKy6jPDNkGMC,"5NU7mpGqMvlZpq63RajHOH","Magazine Beach","This World is Going to Ruin You","Vein.fm",2022-03-04,86560,32,spotify:user:7oy1cahboqkwjull3fqfl083i,2024-01-04T23:46:06Z,"dreamo,mathcore",0.196,0.988,3,-3.745,0,0.13,0.00000833,0.112,0.0912,0.207,152.585,4
1DPlEE2UmJmRtVU6Q9HIfC,"0k56Jc8lJdcRJRsK7u8dnN","Stay-At-Home Mom","Messy, Isn't It?","Dangers",2010-01-05,143920,29,spotify:user:7oy1cahboqkwjull3fqfl083i,2024-01-04T23:48:52Z,"chaotic hardcore",0.212,0.994,0,-5.818,0,0.37,0.0917,0.688,0.462,0.0358,161.792,4
1EGa3uFmvkGChrZeIKxGwB,"40Yq4vzPs9VNUrIBG5Jr2i","Soma - 2011 Remaster","Siamese Dream (Deluxe Edition)","The Smashing Pumpkins",1993,398240,48,spotify:user:7oy1cahboqkwjull3fqfl083i,2024-01-04T23:50:01Z,"alternative metal,alternative rock,grunge,permanent wave,rock,spacegrunge",0.291,0.281,7,-11.798,1,0.0324,0.0241,0.83,0.115,0.0981,134.683,4
6VHhnEVCYvxlQQr5kbWd5i,"2qnpHrOzdmOo1S4ox3j17x","7","Step to Rhythm","Turnstile",2013-04-02,97136,42,spotify:user:7oy1cahboqkwjull3fqfl083i,2024-01-05T02:06:11Z,"hardcore punk,modern melodic hardcore",0.391,0.888,2,-5.822,1,0.0542,0.00187,0.94,0.239,0.0362,82.337,4
7h4zZNX10sMOgAcbkoONFE,"3USL7r0FYOWUiTPQGz3HpP,0o5bweAbSBmSkksYXrgKS8","Pulsar (feat. Robert Sput Searight)","Deep: The Baritone Sessions, Vol. 2","Mark Lettieri,Robert "Sput" Searight",2021-04-16,250480,19,spotify:user:7oy1cahboqkwjull3fqfl083i,2024-01-05T03:56:14Z,"electric bass,fort worth indie,jazz fusion",0.676,0.854,1,-6.87,1,0.0466,0.00413,0.754,0.102,0.777,139.942,4
0WtuYPDKBMnvwumPKWkorN,"6xt9sJmmyYwWkJv8A6ssiU,2yzxX2DI9LFK8VFTyW2zZ8","Massive","The Striped Album","Cory Wong,Joe Satriani",2020-10-23,234896,23,spotify:user:7oy1cahboqkwjull3fqfl083i,2024-01-05T03:56:43Z,"instrumental funk,instrumental rock,metal guitar,shred",0.402,0.82,1,-4.513,1,0.0672,0.0112,0.861,0.263,0.639,171.946,4
1XsiMSfSYt5EfynqsNxO7H,"3EYgeLZ0vtVHKkUL26Eu49","***HIDDEN TRACK***","Adult Summers","Prince Daddy & the Hyena",2015,119629,47,spotify:user:7oy1cahboqkwjull3fqfl083i,2024-01-05T03:59:23Z,"albany ny indie,alternative emo,bubblegrunge,diy emo,emo",0.832,0.665,1,-8.524,1,0.155,0.171,0.00136,0.0808,0.421,93.526,4
0Ih0q9PP9kSOf8ibDHQiz2,"1HjpNX0zNXYbHe38hMgDgZ","Fresh 2 Death","Schwey","Schwey",2019-03-15,206124,22,spotify:user:7oy1cahboqkwjull3fqfl083i,2024-01-05T04:02:05Z,"",0.831,0.525,11,-6.547,1,0.0475,0.234,0.00144,0.115,0.603,93.02,4
13O71jFk7vpQ42zH21L36Q,"2FQgnKHydnhSnRS17BSy28","Starfall","The Symposium","The Symposium",2017-04-20,238000,31,spotify:user:7oy1cahboqkwjull3fqfl083i,2024-01-05T04:03:50Z,"chicago indie,indie garage rock",0.363,0.463,0,-8.933,1,0.0381,0.31,0.832,0.1,0.704,144.963,3
2Xfb40NTopEPHMafK197Sc,"2FQgnKHydnhSnRS17BSy28","the only thing","the only thing","The Symposium",2023-10-31,185448,33,spotify:user:7oy1cahboqkwjull3fqfl083i,2024-01-05T04:04:26Z,"chicago indie,indie garage rock",0.645,0.267,11,-19.482,0,0.0337,0.00696,0.938,0.348,0.496,89.361,4
1AMADyXgIWayh5vXLZo2qF,"4DUQBYAyOTZotSEdKhaf6c","Covet","Colourmeinkindness","Basement",2012-10-23,227340,73,spotify:user:7oy1cahboqkwjull3fqfl083i,2024-01-05T04:05:10Z,"alternative emo,dreamo,emo",0.428,0.799,4,-6.265,1,0.0468,0.00139,0.0742,0.0788,0.228,139.052,4
5g1zOEyrfjMxorKlvCE3AN,"0gLjJuczGWhqKVMmVpIT52","I Would Hate You If I Could","Peripheral Vision","Turnover",2015-09-04,243314,51,spotify:user:7oy1cahboqkwjull3fqfl083i,2024-01-05T04:05:59Z,"alternative emo,chill dream pop,dreamo,emo",0.597,0.795,7,-7.98,1,0.031,0.336,0.0935,0.158,0.298,123.027,4
1dyTcli07c77mtQK3ahUZR,"4Z8W4fKeB5YxbusRsdQVPb","Just","The Bends","Radiohead",1995-03-13,234800,71,spotify:user:7oy1cahboqkwjull3fqfl083i,2024-01-05T17:10:33Z,"alternative rock,art rock,melancholia,oxford indie,permanent wave,rock",0.291,0.767,7,-6.913,0,0.0862,0.000401,0.012,0.0763,0.359,175.702,4
3zi9xNpG2WHCdCAxV0BpJm,"1IHjrY7ygKbmLVoUV1VcXc","I've Been Bored","Ours Is Chrome","Superheaven",2015-05-04,203133,53,spotify:user:7oy1cahboqkwjull3fqfl083i,2024-01-07T16:06:49Z,"dreamo,post-grunge,spacegrunge,zoomergaze",0.462,0.876,11,-5.19,1,0.041,0.000206,0.000106,0.5,0.432,143.065,4
6dPg5wiRhRxoCD0NRKQAR2,"7l1y2qfjB7Rlqk1ordKmob","Bliss","Bliss","Momentum",2016-11-15,62548,46,spotify:user:7oy1cahboqkwjull3fqfl083i,2024-01-07T16:22:30Z,"california hardcore,metallic hardcore",0.357,0.93,3,-3.578,1,0.129,0.000816,0.0135,0.201,0.4,77.571,4
5WBQmXwGnJMEZEUYka26QZ,"1llYaLn43cLcbWg9M4t0Y3","The Axis of Equality","The Axis of Equality","Judiciary",2016-01-08,133037,39,spotify:user:7oy1cahboqkwjull3fqfl083i,2024-01-07T16:23:05Z,"metallic hardcore",0.279,0.871,5,-5.344,0,0.0473,0.0000158,0.251,0.0891,0.247,90.513,3
5rhGZ9qe7qmLFWwW313hnk,"5BIOo2mCAokFcLHXO2Llb4","Theory of Mind","Theory of Mind","Kublai Khan TX",2023-04-25,231030,59,spotify:user:7oy1cahboqkwjull3fqfl083i,2024-01-07T16:24:17Z,"metallic hardcore,texas hardcore,texas metal",0.461,0.941,4,-4.554,1,0.192,0.000292,0.00221,0.326,0.319,135.067,4
2eqjpko1AQuTdxkBFhAcRG,"5BIOo2mCAokFcLHXO2Llb4","Self-Destruct","Absolute","Kublai Khan TX",2019-10-04,139202,61,spotify:user:7oy1cahboqkwjull3fqfl083i,2024-01-07T16:25:11Z,"metallic hardcore,texas hardcore,texas metal",0.464,0.869,8,-5.046,1,0.0973,0.0000348,0.0233,0.308,0.584,82.887,4
0gGrDRShWXLueiN2QOj2my,"1llYaLn43cLcbWg9M4t0Y3","Blood","Flesh + Blood","Judiciary",2023-03-10,120066,25,spotify:user:7oy1cahboqkwjull3fqfl083i,2024-01-07T16:32:49Z,"metallic hardcore",0.197,0.953,1,-4.452,1,0.12,0.0000147,0.0018,0.304,0.0555,93.924,3
0v8J17a6cO0wWp7z731GTd,"3Sz7ZnJQBIHsXLUSo0OQtM","One More Love Song","This Old Dog","Mac DeMarco",2017-05-05,241066,67,spotify:user:7oy1cahboqkwjull3fqfl083i,2024-01-07T16:44:05Z,"edmonton indie,lo-fi indie,pov: indie,slacker rock",0.708,0.323,9,-11.199,0,0.03,0.765,0.52,0.0939,0.502,141.013,4
4RpwQDPnn1GhWpZooUcCzd,"3Sz7ZnJQBIHsXLUSo0OQtM","On the Level","This Old Dog","Mac DeMarco",2017-05-05,227653,66,spotify:user:7oy1cahboqkwjull3fqfl083i,2024-01-07T16:44:14Z,"edmonton indie,lo-fi indie,pov: indie,slacker rock",0.573,0.473,8,-10.838,0,0.0269,0.0927,0.398,0.199,0.523,77.494,4
63q9LqTK5iiZLy3cTvLMUf,"3Sz7ZnJQBIHsXLUSo0OQtM","Another One","Another One","Mac DeMarco",2015-08-07,160991,68,spotify:user:7oy1cahboqkwjull3fqfl083i,2024-01-07T16:44:33Z,"edmonton indie,lo-fi indie,pov: indie,slacker rock",0.694,0.407,1,-10.325,0,0.0276,0.823,0.021,0.106,0.719,147.682,4
1EKpwGoisV5nUOqqMZ7gAJ,"3Sz7ZnJQBIHsXLUSo0OQtM,3nRifdQMP5925XSkIN07oC","Simply Paradise","Simply Paradise","Mac DeMarco,Ryan Paris",2023-10-02,155695,48,spotify:user:7oy1cahboqkwjull3fqfl083i,2024-01-07T16:45:17Z,"edmonton indie,lo-fi indie,pov: indie,slacker rock,italo disco,new italo disco",0.836,0.219,2,-12.411,1,0.113,0.785,0.00828,0.0621,0.818,78.759,4
41VipzFVimtyUgProD7JnS,"4pyn62fo9bN7qCT9nBM6c6","Words That Rhyme With Different, Etc.","Demon Daze","sports.",2015-12-10,240486,45,spotify:user:7oy1cahboqkwjull3fqfl083i,2024-01-07T16:49:02Z,"diy emo,midwest emo,new england emo",0.316,0.895,11,-5.152,1,0.135,0.00661,0.000563,0.159,0.383,185.984,3
6fTgbkBiMITtHUmik95ClX,"24XtlMhEMNdi822vi0MhY1","MakeDamnSure","Louder Now (Deluxe Edition)","Taking Back Sunday",2006-04-25,208280,68,spotify:user:7oy1cahboqkwjull3fqfl083i,2024-01-07T16:55:24Z,"emo,neon pop punk,pop punk,post-hardcore,screamo",0.552,0.836,6,-5.608,1,0.0453,0.00942,0,0.372,0.432,140.496,4
2QwObYJWyJTiozvs0RI7CF,"4Z8W4fKeB5YxbusRsdQVPb","Street Spirit (Fade Out)","The Bends","Radiohead",1995-03-13,253853,66,spotify:user:7oy1cahboqkwjull3fqfl083i,2024-01-07T17:03:09Z,"alternative rock,art rock,melancholia,oxford indie,permanent wave,rock",0.488,0.454,4,-11.544,0,0.0304,0.317,0.694,0.179,0.131,138.076,4
23GKaCeOwUt6MQyCwi4M26,"2AM4ilv6UzW0uMRuqKtDgN","Cheap Sunglasses","The Very Baddest of... ZZ Top","ZZ Top",2014-06-09,160466,1,spotify:user:7oy1cahboqkwjull3fqfl083i,2024-01-07T17:09:32Z,"album rock,blues rock,classic rock,hard rock,rock",0.702,0.581,5,-10.694,0,0.0553,0.133,0.000124,0.284,0.93,94.267,4
7oDFvnqXkXuiZa1sACXobj,"4Z8W4fKeB5YxbusRsdQVPb","The Bends","The Bends","Radiohead",1995-03-13,246200,60,spotify:user:7oy1cahboqkwjull3fqfl083i,2024-01-07T17:09:58Z,"alternative rock,art rock,melancholia,oxford indie,permanent wave,rock",0.23,0.755,7,-8.065,1,0.0658,0.0115,0.141,0.363,0.312,91.608,4
4TZj7XGPf7dG3NmKaNwPY4,"0tLaqkKW7K6tc3QF9SM0M8","Hesitation","I Won't Care How You Remember Me","Tigers Jaw",2021-03-05,163924,29,spotify:user:7oy1cahboqkwjull3fqfl083i,2024-01-07T17:43:38Z,"alternative emo,bubblegrunge,dreamo,emo,lo-fi emo,pop punk",0.544,0.951,6,-4.227,0,0.0784,0.00233,0.00302,0.129,0.601,154.969,4
6Wrt1iG9AKqkavwSXh1aNz,"0tLaqkKW7K6tc3QF9SM0M8","Cat's Cradle","I Won't Care How You Remember Me","Tigers Jaw",2021-03-05,156089,28,spotify:user:7oy1cahboqkwjull3fqfl083i,2024-01-07T17:44:49Z,"alternative emo,bubblegrunge,dreamo,emo,lo-fi emo,pop punk",0.426,0.967,1,-3.047,1,0.0459,0.00187,0,0.229,0.648,160.967,4
0ah0OJnJeCYp2RPbn1MhFh,"38tO9pZm2G0JjANgRFvC1a","Now They Are Through With Me","My People... Hold On","Zulu",2020-09-02,97493,33,spotify:user:7oy1cahboqkwjull3fqfl083i,2024-01-07T17:56:56Z,"black punk,california hardcore,la hardcore,modern hardcore",0.396,0.86,6,-4.704,0,0.223,0.000805,0.00161,0.223,0.292,94.88,5
2Pzmq2BVv2f03Wi3CCuypi,"38tO9pZm2G0JjANgRFvC1a","Fakin’ Tha Funk (You Get Did)","A New Tomorrow","Zulu",2023-03-03,78733,0,spotify:user:7oy1cahboqkwjull3fqfl083i,2024-01-07T17:57:19Z,"black punk,california hardcore,la hardcore,modern hardcore",0.341,0.891,7,-4.96,1,0.068,0.00707,0.000119,0.182,0.519,177.152,4
6nGUcW4caAW7Wx5oAcSIJZ,"03r4iKL2g2442PT9n2UKsx","Three MC's And One DJ - Remastered 2009","Hello Nasty (Deluxe Edition/Remastered)","Beastie Boys",1998-07-14,170360,39,spotify:user:7oy1cahboqkwjull3fqfl083i,2024-01-07T18:08:12Z,"alternative rock,east coast hip hop,golden age hip hop,hip hop,old school hip hop,rap,rap rock,rock",0.642,0.743,1,-6.784,1,0.444,0.532,0,0.133,0.685,94.3,4
2idKMCUdqS2XpFAFKN2k1l,"1IHjrY7ygKbmLVoUV1VcXc","Sponge","Jar","Superheaven",2013-04-05,263584,45,spotify:user:7oy1cahboqkwjull3fqfl083i,2024-01-07T18:17:03Z,"dreamo,post-grunge,spacegrunge,zoomergaze",0.446,0.887,1,-4.828,1,0.0566,0.0000112,0.00161,0.114,0.37,130.595,4
0hBby0yygBY1u3m6tSpZgC,"2Hkut4rAAyrQxRdof7FVJq","The Camera Eye","Moving Pictures (2011 Remaster)","Rush",1981-02-12,658986,46,spotify:user:7oy1cahboqkwjull3fqfl083i,2024-01-07T18:27:44Z,"album rock,canadian metal,classic canadian rock,classic rock,hard rock,progressive rock,rock",0.293,0.787,5,-8.841,1,0.0438,0.00774,0.496,0.392,0.139,165.307,4
0nqItUdx96RDxP32foWt7H,"2lZkXWxkZsZzBocxMjN1or","Pillars","How It Feels To Be Something On","Sunny Day Real Estate",1998,297066,49,spotify:user:7oy1cahboqkwjull3fqfl083i,2024-01-07T18:31:04Z,"emo,midwest emo,post-hardcore",0.345,0.806,9,-7.412,0,0.0368,0.0172,0.00305,0.121,0.405,134.398,4
3iPYTo54a7gimA0kdp8x13,"4TMHGUX5WI7OOm53PqSDAT","China Cat Sunflower - Live in Paris 1972 Version","Europe '72 (Live; 2001 Remaster)","Grateful Dead",2001,332960,46,spotify:user:7oy1cahboqkwjull3fqfl083i,2024-01-07T18:33:17Z,"cosmic american,jam band,psychedelic rock",0.589,0.697,7,-10.648,1,0.0283,0.483,0.511,0.239,0.809,91.203,4
1Ap9wotYS99H8R17VONySZ,"1Yox196W7bzVNZI7RBaPnf","We’ll Be Back","The Sick, The Dying… And The Dead!","Megadeth",2022-09-02,269466,53,spotify:user:7oy1cahboqkwjull3fqfl083i,2024-01-07T19:06:57Z,"alternative metal,hard rock,melodic thrash,metal,old school thrash,rock,speed metal,thrash metal",0.405,0.96,2,-3.916,1,0.074,0.0001,0.0576,0.182,0.417,174.952,4
1THn5S9ofHF2Y4dIkRH1Oy,"5BIOo2mCAokFcLHXO2Llb4","Resentment","Resentment","Kublai Khan TX",2021-10-22,208426,45,spotify:user:7oy1cahboqkwjull3fqfl083i,2024-01-10T21:19:44Z,"metallic hardcore,texas hardcore,texas metal",0.353,0.941,1,-4.637,1,0.107,0.000243,0.0721,0.346,0.453,156.646,4
5lnsL7pCg0fQKcWnlkD1F0,"7jy3rLJdDQY21OgRLCZ9sD","Dirty Water","Concrete and Gold","Foo Fighters",2017-09-15,320880,40,spotify:user:7oy1cahboqkwjull3fqfl083i,2024-01-12T19:20:35Z,"alternative metal,alternative rock,modern rock,permanent wave,post-grunge,rock",0.324,0.629,7,-8.242,1,0.0404,0.00361,0.046,0.221,0.36,142.674,4
1tDM9ElAIOimEPBEnkXqe2,"7jy3rLJdDQY21OgRLCZ9sD","Sunday Rain","Concrete and Gold","Foo Fighters",2017-09-15,371453,43,spotify:user:7oy1cahboqkwjull3fqfl083i,2024-01-12T19:21:53Z,"alternative metal,alternative rock,modern rock,permanent wave,post-grunge,rock",0.538,0.533,11,-10.538,1,0.0298,0.000536,0.000833,0.127,0.723,77.466,4
73JIuhIcUtdNywYNpnMSjC,"0A7d0PJxaLO7CGI94ht6PX","Mephisto","Curse","Crystal Lake",2021-07-14,198115,37,spotify:user:7oy1cahboqkwjull3fqfl083i,2024-01-17T22:43:36Z,"japanese metalcore,japanese punk rock,melodic metalcore,metalcore",0.208,0.995,9,-4.962,0,0.185,0.0000236,0.387,0.146,0.181,153.628,4
3G57z2AuZJshRkEbqYyVad,"6uyKb4QhM6CcrqknHCIUlh","Hazel","Hazel","Far Apart",1997-11-01,344493,45,spotify:user:7oy1cahboqkwjull3fqfl083i,2024-01-17T22:44:51Z,"zoomergaze",0.115,0.914,4,-4.047,1,0.0547,0.00508,0.268,0.173,0.425,82.554,4
5r5Lj2MkgwQJz6TaBdL865,"26T3LtbuGT1Fu9m0eRq5X3","Spiderhead","Melophobia","Cage The Elephant",2013-10-08,222813,59,spotify:user:7oy1cahboqkwjull3fqfl083i,2024-01-28T13:14:02Z,"modern alternative rock,modern rock,pov: indie,punk blues,rock",0.543,0.946,2,-0.734,1,0.0454,0.00614,0.0000149,0.106,0.547,117.962,4
37gG4GPeTRPKKdXYx3zTRC,"4pejUc4iciQfgdX6OKulQn","Song For The Dead","Songs For The Deaf","Queens of the Stone Age",2002-01-01,352453,58,spotify:user:7oy1cahboqkwjull3fqfl083i,2024-01-28T13:28:13Z,"alternative metal,alternative rock,grunge,modern rock,palm desert scene,rock,stoner metal,stoner rock",0.355,0.926,5,-5.662,1,0.0722,0.167,0.453,0.383,0.231,106.612,4
0SVvyfRMFMRJzc0L2odX20,"5PbpKlxQE0Ktl5lcNABoFf","Fill In The Blank","Teens Of Denial","Car Seat Headrest",2016-05-20,244506,55,spotify:user:7oy1cahboqkwjull3fqfl083i,2024-01-28T13:36:08Z,"furry,indie rock,pov: indie,slacker rock",0.339,0.829,9,-7.239,1,0.058,0.00737,0.0000126,0.0596,0.5,162.794,4
6y3CwawLczMfSCmY66Mq36,"4qAJ54O4V0W8SQcSz0bl1C","A Pillar Of Salt","The Body, The Blood, The Machine","The Thermals",2006-08-22,179986,43,spotify:user:7oy1cahboqkwjull3fqfl083i,2024-01-28T13:36:14Z,"indie punk,lo-fi,noise pop",0.235,0.983,11,-3.311,1,0.176,0.00236,0,0.403,0.245,171.122,4
6KJD3pzvJ2g1W8ZX3Nfmd5,"267VY6GX5LyU5c9M85ECZQ","Almost Ready","Beyond","Dinosaur Jr.",2007-04-29,188026,18,spotify:user:7oy1cahboqkwjull3fqfl083i,2024-01-28T14:32:08Z,"alternative rock,lo-fi,noise pop,noise rock,permanent wave,power pop,shoegaze,slacker rock",0.175,0.969,7,-4.139,1,0.107,0.0752,0.00178,0.364,0.22,159.485,4
3bMc9oRaUWnojCrYTUXXcQ,"2Ex4vjQ6mSh5woTlDWto6d","BRASILIAN SKIES","BRASILIAN SKIES","Masayoshi Takanaka",1978,353013,53,spotify:user:7oy1cahboqkwjull3fqfl083i,2024-01-28T15:26:27Z,"classic japanese jazz",0.598,0.716,1,-13.154,0,0.037,0.0602,0.537,0.0628,0.876,121.987,4
5lgOUdoMBB3eZuSmc5HL4r,"6TcnmlCSxihzWOQJ8k0rNS","Losing a Whole Year","Third Eye Blind","Third Eye Blind",1997-04-08,200640,54,spotify:user:7oy1cahboqkwjull3fqfl083i,2024-01-31T16:32:24Z,"alternative metal,alternative rock,pop rock,post-grunge",0.421,0.848,4,-6.3,1,0.0347,0.0000337,0.000159,0.0775,0.658,175.665,4
5u2qiqQGUBy8fvXTvs9i2X,"05fG473iIaoy82BF1aGhL8","(sic)","Slipknot","Slipknot",1999,199880,64,spotify:user:7oy1cahboqkwjull3fqfl083i,2024-01-31T21:09:27Z,"alternative metal,nu metal,rap metal,rock",0.38,0.994,7,-4.638,1,0.124,0.000536,0.00128,0.0956,0.267,96.325,4
3Of1uFcEz8DZQaezqBgRNf,"2fSaE6BXtQy0x7R7v9IOmZ","Aggressive Steven","Integrated Tech Solutions","Aesop Rock",2023-11-10,318573,33,spotify:user:7oy1cahboqkwjull3fqfl083i,2024-02-01T04:21:36Z,"abstract hip hop,alternative hip hop,conscious hip hop",0.69,0.741,10,-8.066,0,0.324,0.116,0,0.326,0.879,82.84,4
7GE7VuGu9YE6vRsJSoz5Yp,"0TpKwhxtfxaPTaWsHqpVqP","Ultima Death","Soul Burn","Dealer",2019-04-05,204167,29,spotify:user:7oy1cahboqkwjull3fqfl083i,2024-02-03T05:10:37Z,"australian post-hardcore,deathcore,metallic hardcore,nu-metalcore",0.512,0.968,5,-1.599,0,0.275,0.00187,0.027,0.358,0.374,173.015,4
5ycLTrgkYgT3T6DQPmGbSw,"4G9wSdX0klmoHfjm9i6DLd","Gored","I Let It in and It Took Everything","Loathe",2020-02-07,187718,47,spotify:user:7oy1cahboqkwjull3fqfl083i,2024-02-03T05:10:46Z,"nu-metalcore,progressive metalcore,uk metalcore,zoomergaze",0.438,0.974,9,-5.012,1,0.128,0.00000368,0.958,0.574,0.19,152.974,4
0rzxZlSB2gjnSJinbtaz3v,"4YfnJEbTz8QLD5FusYFwV6","Magic Power","Greatest Hits Remixed (Deluxe Edition)","Triumph",2010-05-14,292400,42,spotify:user:7oy1cahboqkwjull3fqfl083i,2024-02-04T06:57:29Z,"album rock,canadian metal,classic canadian rock,classic rock,glam metal,hard rock",0.166,0.655,7,-6.145,1,0.0346,0.0351,0,0.0827,0.422,152.792,4
0B8KZqcBgpMCk22bXWojGt,"2Tl7uZui4u9a3nXUM9VMei","Excalibur","Excalibur","Mindforce",2018-11-16,216468,39,spotify:user:7oy1cahboqkwjull3fqfl083i,2024-02-05T17:50:56Z,"crossover thrash,metallic hardcore,modern hardcore,nyhc",0.385,0.938,9,-4.472,1,0.094,0.000601,0.0601,0.563,0.341,113.409,4
78EGz1N277AgdqBDpiehpD,"5ybsLFsFrRFXgdklfMryWD","Fear of Dying","Clear Hearts Grey Flowers","Jack Off Jill",2000-01-01,164629,53,spotify:user:7oy1cahboqkwjull3fqfl083i,2024-02-05T18:56:09Z,"riot grrrl",0.385,0.97,7,-3.504,1,0.065,0.0000133,0.00169,0.118,0.649,187.658,4
0aaacfyDBJ1yOSMSGA5Xeq,"1IbLVq7OjqcArp3TkgfaOX","She Calls Me Love","She Calls Me Love","Banda AL9",2024-01-26,193924,35,spotify:user:7oy1cahboqkwjull3fqfl083i,2024-02-07T06:47:46Z,"",0.538,0.799,4,-3.768,1,0.037,0.0578,0,0.123,0.735,133.032,4
3kHSUwpxqdXaKONV3ECNL8,"0znuUIjvP0LXEslfaq0Nor","Hyper Trophy","Hyper Trophy","Citizen",2023-08-22,175875,27,spotify:user:7oy1cahboqkwjull3fqfl083i,2024-02-08T06:05:32Z,"alternative emo,dreamo,emo,pop punk",0.604,0.88,9,-6.758,1,0.0853,0.00597,0.00000119,0.412,0.793,160.007,4
6Bojlt69YsIYbsS1AmADaw,"2amk2re09BpvNLhCT9cgWx","Cold Room","Cold Room","Hand in Pants",2023-08-25,256298,25,spotify:user:7oy1cahboqkwjull3fqfl083i,2024-02-12T17:31:57Z,"vermont indie",0.318,0.412,11,-14.111,1,0.0817,0.0557,0.852,0.0999,0.274,82.017,4
0LcU62QpwyqPy0kTylVvkQ,"15DYcBNS0c6bfsoezOIzT3","Burnt (By the Sun)","Somebody's Closer","Bleed",2021-09-13,171665,41,spotify:user:7oy1cahboqkwjull3fqfl083i,2024-02-12T17:37:03Z,"texasgaze,zoomergaze",0.381,0.952,0,-5.465,1,0.0608,0.00000566,0.00143,0.308,0.202,97.025,4
76koZv1MMQG2p9rypLMMl9,"6FO0bkcJ4D8MJ1REvBRhNT","Glass Jaw","Glass Jaw","chokecherry",2023-05-19,314199,45,spotify:user:7oy1cahboqkwjull3fqfl083i,2024-02-12T19:03:52Z,"",0.477,0.679,5,-6.605,1,0.0284,0.017,0.547,0.1,0.459,120.799,4
37BTh5g05cxBIRYMbw8g2T,"0PFtn5NtBbbUNbU9EAmIWF","Rosanna","Toto IV","TOTO",1982-04-08,331200,73,spotify:user:7oy1cahboqkwjull3fqfl083i,2024-02-12T19:17:33Z,"album rock,classic rock,hard rock,mellow gold,rock,soft rock,yacht rock",0.365,0.513,7,-13.034,0,0.0357,0.0208,0.000147,0.205,0.739,80.647,4
7JfVU2ipCNnENTjKaLHvIX,"31Wc49ZcT7cWtWGo2qbM0f","Dream Blue Haze","Supersonic Home","Adventures",2015-02-13,110508,5,spotify:user:7oy1cahboqkwjull3fqfl083i,2024-02-12T19:47:01Z,"alternative emo,dreamo,indie punk,midwest emo",0.331,0.838,6,-4.146,1,0.0673,0.00287,0.000207,0.341,0.564,90.406,4
7E4qUlNYocWix5FKBdw5CN,"2Ex4vjQ6mSh5woTlDWto6d","OH! TENGO SUERTE","SEYCHELLES","Masayoshi Takanaka",1976,252666,58,spotify:user:7oy1cahboqkwjull3fqfl083i,2024-02-13T03:12:01Z,"classic japanese jazz",0.519,0.744,2,-9.487,1,0.0432,0.68,0.0526,0.123,0.408,93.555,4
5Dra6dW1mc7BOh833TDowz,"5qm3bAgsYq5aBOymqkM4gG","First Light - 2018 Remaster","FIRST LIGHT (2018 Remaster)","Makoto Matsushita",1982-04-21,273220,45,spotify:user:7oy1cahboqkwjull3fqfl083i,2024-02-13T03:13:09Z,"classic city pop",0.68,0.8,1,-6.942,1,0.0377,0.196,0.00207,0.4,0.645,128.999,4
7H3BGN6Ts4uozyHp50Yq0j,"5BIOo2mCAokFcLHXO2Llb4","No Kin","Nomad","Kublai Khan TX",2017-09-29,124059,0,spotify:user:7oy1cahboqkwjull3fqfl083i,2024-02-13T19:55:00Z,"metallic hardcore,texas hardcore,texas metal",0.289,0.98,10,-3.266,0,0.143,0.0000643,0,0.0765,0.428,152.434,3
4yaBfHHZbAb2nim1fP7cRV,"1IHjrY7ygKbmLVoUV1VcXc","Life In A Jar","Jar","Superheaven",2013-04-05,222207,49,spotify:user:7oy1cahboqkwjull3fqfl083i,2024-02-15T23:10:18Z,"dreamo,post-grunge,spacegrunge,zoomergaze",0.484,0.872,1,-5.586,1,0.0559,0.000384,0.000672,0.148,0.347,150.027,4
5LMRiZWWiiewWIPeKrX1Ja,"5NU7mpGqMvlZpq63RajHOH","Quitting Infinity","Errorzone","Vein.fm",2018-06-22,199627,26,spotify:user:7oy1cahboqkwjull3fqfl083i,2024-02-16T02:59:03Z,"dreamo,mathcore",0.242,0.959,7,-2.883,1,0.11,0.00000818,0.0242,0.0766,0.102,93.969,3
5FbdXtJfcXb2UB8KJNAcQM,"0SwO7SWeDHJijQ3XNS7xEE","Nothing To Declare","Nothing To Declare","MGMT",2024-01-10,213080,38,spotify:user:7oy1cahboqkwjull3fqfl083i,2024-02-17T20:24:08Z,"alternative rock,indie rock,indietronica,modern rock,rock",0.529,0.816,5,-5.532,1,0.0302,0.358,0.2,0.14,0.681,85.026,4
4He8osOTt4dzl3HTHcjP43,"1ugmCkxd2MSyvkVA9puoff","888","888","SWEET SPINE",2023-11-24,214857,50,spotify:user:7oy1cahboqkwjull3fqfl083i,2024-02-21T02:06:59Z,"zoomergaze",0.305,0.76,1,-5.828,1,0.0666,0.000833,0.000891,0.556,0.28,104.904,4
48jUZUfYjA6f8EOZcQb35f,"6DNcBVkeL2ucCkkTDJGcYn","I'll Take You Everywhere","Amateurs & Professionals","Penfold",1998-01-01,346493,32,spotify:user:7oy1cahboqkwjull3fqfl083i,2024-02-22T18:12:21Z,"emo punk,midwest emo,new jersey hardcore",0.343,0.821,7,-6.738,1,0.0367,0.0211,0.0359,0.123,0.182,106.926,4
4dKu1HkVL1xh96F1JfDTrn,"5gWhlJBlLQGLOgYWO8lwCU","Shoulder to the Wheel","Through Being Cool","Saves The Day",1999,199573,43,spotify:user:7oy1cahboqkwjull3fqfl083i,2024-02-22T19:46:54Z,"emo,new jersey hardcore,pop punk,post-hardcore",0.35,0.958,4,-4.597,1,0.0949,0.000436,0,0.314,0.555,190.501,4
1esrPCrpjJhubSqRtNz5Yw,"16eRpMNXSQ15wuJoeqguaB","One More Robot / Sympathy 3000-21","Yoshimi Battles the Pink Robots","The Flaming Lips",2002-05-13,299493,40,spotify:user:7oy1cahboqkwjull3fqfl083i,2024-02-25T19:00:47Z,"alternative rock,chamber pop,indie rock,indietronica,noise pop,okc indie,singer-songwriter",0.256,0.752,1,-7.619,0,0.0558,0.0304,0.0183,0.291,0.235,80.956,4
5oSnYy4EijgEEEDO9MPDq4,"4qrHkx5cgWIslciLXUMrYw","Blinding Faith","Blinding Faith","Knocked Loose",2024-02-27,171090,51,spotify:user:7oy1cahboqkwjull3fqfl083i,2024-02-27T15:30:40Z,"kentucky metal,kentucky punk",0.261,0.962,9,-2.54,1,0.226,0.0000145,0.0193,0.215,0.218,165.887,4
6x5E9i1oisbfYSTjuSuMqd,"6icQOAFXDZKsumw3YXyusw,6l3HvQ5sa6mXTsMTB19rO5","The Secret Recipe","Something Ether","Lil Yachty,J. Cole",2024-02-23,248661,5,spotify:user:7oy1cahboqkwjull3fqfl083i,2024-02-27T20:54:14Z,"atl hip hop,melodic rap,rap,trap,conscious hip hop,hip hop,north carolina hip hop",0.569,0.811,5,-4.562,1,0.336,0.696,0,0.156,0.69,144.642,4
1Rz1CTinAymBA4dcMPGijY,"2qnpHrOzdmOo1S4ox3j17x","Real Thing","Time & Space","Turnstile",2018-02-23,116453,51,spotify:user:7oy1cahboqkwjull3fqfl083i,2024-02-28T02:14:54Z,"hardcore punk,modern melodic hardcore",0.51,0.801,1,-5.03,1,0.0355,0.000311,0.895,0.357,0.358,84.972,4
0MuGa3SwwVYIeOpOzTOxzj,"1nIJEqPyIj5qutlgWNmQB0","Lucky","Lucky","Erika de Casier",2024-01-10,204826,32,spotify:user:7oy1cahboqkwjull3fqfl083i,2024-03-05T05:55:32Z,"alternative r&b,scandinavian r&b",0.564,0.796,11,-10.099,1,0.0688,0.43,0.363,0.194,0.371,162.063,4
2kUz9V38uR7pxGkDYyw9eV,"40DbKvYvADTiks7hZIUPHG","Make A Move","Slamaholics, Vol. 2","PeelingFlesh",2023-09-08,132871,49,spotify:user:7oy1cahboqkwjull3fqfl083i,2024-03-12T04:34:51Z,"slam death metal",0.43,0.986,5,-3.619,1,0.342,0.00228,0.0446,0.479,0.206,158.183,4
0uubOuVyxAIR7onW5iHTz0,"7l1y2qfjB7Rlqk1ordKmob","3:AM","Momentum","Momentum",2021-09-24,114254,24,spotify:user:7oy1cahboqkwjull3fqfl083i,2024-03-15T18:53:37Z,"california hardcore,metallic hardcore",0.356,0.828,1,-4.268,1,0.103,0.000101,0.000644,0.0852,0.323,179.651,4
4IRHwIZHzlHT1FQpRa5RdE,"3PhoLpVuITZKcymswpck5b","Goodbye Yellow Brick Road - Remastered 2014","Goodbye Yellow Brick Road - Remastered","Elton John",1973-10-05,192826,76,spotify:user:7oy1cahboqkwjull3fqfl083i,2024-03-18T18:58:58Z,"glam rock,mellow gold,piano rock,rock",0.559,0.473,5,-7.712,1,0.0279,0.446,0.00141,0.154,0.397,121.227,4
17Zzi8qsn8mdm0t0JTGeQo,"5IWCU0V9evBlW4gIeGY4zF,4tK6Z8fK7Sc9133byjPGIT","Right Back to It","Tigers Blood","Waxahatchee,MJ Lenderman",2024-03-22,273026,57,spotify:user:7oy1cahboqkwjull3fqfl083i,2024-03-28T03:32:03Z,"alabama indie,bubblegrunge,chamber pop,countrygaze,indie pop,indie rock,asheville indie,slacker rock",0.656,0.489,6,-7.166,1,0.0277,0.177,0.00026,0.134,0.165,134.164,4
2tudvzsrR56uom6smgOcSf,"1RyvyyTE3xzB2ZywiAwp0i,0iEtIxbK0KxaSlF7G42ZOp,2YZyLoL8N0Wb9xBt1NhZWg","Like That","WE DON'T TRUST YOU","Future,Metro Boomin,Kendrick Lamar",2024-03-22,267706,89,spotify:user:7oy1cahboqkwjull3fqfl083i,2024-03-31T19:14:25Z,"atl hip hop,hip hop,rap,southern hip hop,trap,conscious hip hop,west coast rap",0.814,0.676,11,-4.67,0,0.231,0.00709,0.0000128,0.119,0.312,162.012,4
1OrD9RkuBnoNrrURFap9wi,"7xWU2A2lw1xf4zTjKhkrGK","Like or Like Like","Tell It to the Volcano","Miniature Tigers",2009-09-22,158653,63,spotify:user:7oy1cahboqkwjull3fqfl083i,2024-03-31T19:14:44Z,"nyc indie rock",0.753,0.534,2,-4.661,1,0.0277,0.0339,0.00000732,0.0972,0.847,96.073,4
40wSDvvvOUmnVS7oiwVBj7,"1pBeRGeBHNPLy95LswDViS","Y.S.A.B.","SUNAMI (L.P.)","Sunami",2023-06-14,146480,45,spotify:user:7oy1cahboqkwjull3fqfl083i,2024-03-31T19:15:19Z,"california hardcore",0.408,0.965,2,-4.495,1,0.122,0.000477,0.00000853,0.339,0.58,151.79,4
0snQkGI5qnAmohLE7jTsTn,"5eAWCfyUhZtHHtBdNk56l1","Toxicity","Toxicity","System Of A Down",2001-09-04,218933,83,spotify:user:7oy1cahboqkwjull3fqfl083i,2024-03-31T19:15:49Z,"alternative metal,nu metal,rap metal,rock",0.413,0.873,8,-4.151,1,0.0536,0.000264,0.00249,0.204,0.48,116.68,3
5sLL7hWj9qTGlO6MIUEnk4,"6XYvaoDGE0VmRt83Jss9Sn","Ambergris","Omnium Gatherum","King Gizzard & The Lizard Wizard",2022-04-22,267214,45,spotify:user:7oy1cahboqkwjull3fqfl083i,2024-04-01T18:27:24Z,"australian psych,double drumming,microtonal,neo-psychedelic",0.75,0.473,9,-9.975,0,0.0377,0.53,0.0124,0.675,0.521,140.295,4
4zjGawZvTNHzhlcf8nncqg,"1pBeRGeBHNPLy95LswDViS","Fake Blood","PROMO","Sunami",2022-05-20,197853,37,spotify:user:7oy1cahboqkwjull3fqfl083i,2024-04-12T23:40:46Z,"california hardcore",0.344,0.998,4,-1.109,1,0.268,0.000283,0.0132,0.349,0.135,159.074,1
2UfANGKFk5GVIngWsJF02V,"49b68DLRK5eCbtJf7Xx4Cc","Hey Ken, Someone Methodically Mushed the Donuts","Those Days Are Gone","Free Throw",2014-09-16,168598,51,spotify:user:7oy1cahboqkwjull3fqfl083i,2024-04-17T01:18:00Z,"alternative emo,anthem emo,emo,midwest emo",0.498,0.878,4,-5.43,1,0.0571,0.0695,0.00000917,0.276,0.293,144.652,4
4cUiKcd9Tkzd2mU1Zv2oma,"5CmgfDQq0YVKMP6zpjYhPR","Nosim misto ponozky kousek svoji predkozky","The Shitpendables","Gutalax",2021-11-01,133800,41,spotify:user:7oy1cahboqkwjull3fqfl083i,2024-04-17T01:28:49Z,"goregrind,pornogrind",0.285,0.988,4,-4.074,0,0.135,0.00000704,0.502,0.124,0.308,175.116,4
1f9GowTtuwSkdJfKBk3VeU,"4qrHkx5cgWIslciLXUMrYw,5mlbvTfWUOfDrUIK6dkNzv","Suffocate (feat. Poppy)","Suffocate (feat. Poppy)","Knocked Loose,Poppy",2024-04-23,164695,57,spotify:user:7oy1cahboqkwjull3fqfl083i,2024-04-24T18:02:34Z,"kentucky metal,kentucky punk,alt z",0.244,0.985,1,-2.781,0,0.38,0.0000346,0.0139,0.51,0.124,169.561,4
6Hye4TXeYUXzU0tWofYdhC,"6G43CiunIxMwb2tQ12vNP6","Lost in a Wave","Lost in the Waves","LANDMVRKS",2021-03-19,224929,57,spotify:user:7oy1cahboqkwjull3fqfl083i,2024-04-30T02:07:43Z,"melodic metalcore,metalcore",0.192,0.944,2,-4.769,1,0.0635,0.0000807,0.000025,0.095,0.289,147.001,4
77DRzu7ERs0TX3roZcre7Q,"2YZyLoL8N0Wb9xBt1NhZWg","euphoria","euphoria","Kendrick Lamar",2024-04-30,383639,85,spotify:user:7oy1cahboqkwjull3fqfl083i,2024-05-01T19:58:56Z,"conscious hip hop,hip hop,rap,west coast rap",0.831,0.643,1,-5.002,1,0.11,0.046,0,0.084,0.142,139.948,4
4ffORoAHM64qesY9g2Pihk,"467M2s2YxXdlL2ZpDUNL3A","Pain","Fear & Dagger","Paleface Swiss",2022-03-25,129473,54,spotify:user:7oy1cahboqkwjull3fqfl083i,2024-05-01T23:01:19Z,"slamming deathcore",0.277,0.923,8,-4.096,1,0.108,0.00113,0.00000656,0.443,0.238,159.198,5
51Qh1B7K8b2Vca6u7Xxqzr,"0wOwVOP7Ce98ZKtQ1CrJ68","Tavern","Tavern","Netherwalker",2024-04-09,248000,48,spotify:user:7oy1cahboqkwjull3fqfl083i,2024-05-02T23:44:29Z,"",0.518,0.885,7,-3.492,1,0.0623,0.000741,0.384,0.147,0.161,120.043,4
00XXUBsdOe8cLPo2p64Dd3,"485uL27bPomh29R4JmQehQ","Even Now","The Distance","Bob Seger",1982-12-01,273186,39,spotify:user:7oy1cahboqkwjull3fqfl083i,2024-05-03T18:23:58Z,"album rock,classic rock,country rock,detroit rock,hard rock,heartland rock,mellow gold,rock,singer-songwriter,soft rock",0.475,0.954,4,-3.565,1,0.0532,0.0334,0.0000234,0.234,0.761,151.942,4
5hd1B8Olp06nEa0OoE4Ref,"7negbQPHdz4wIc40SAAjFp","bitch i love drugs fuck ronald reagan (build-a-bear)","Tapetum Lucidum","Salvinorin-A",2023-11-11,120000,49,spotify:user:7oy1cahboqkwjull3fqfl083i,2024-05-03T18:37:59Z,"bedroom skramz,new wave of screamo",0.226,0.826,4,-8.051,1,0.0448,0.0000869,0.676,0.106,0.195,79.173,4
5wIy8eGOlwdzCqu5wt3FXi,"3fTtPzStO5OpnxnqhC6xNM","Happy Birthday","South Loop Summer","Hospital Bracelet",2021-01-12,238325,36,spotify:user:7oy1cahboqkwjull3fqfl083i,2024-05-03T18:42:08Z,"5th wave emo,chicago pop punk,diy emo",0.374,0.91,2,-5.295,1,0.0902,0.0116,0.0000372,0.116,0.358,116.952,4
6woMWDkuR0vta4sWVVK7kz,"2URzewPhxn6Si52NkbYxIQ","Leave Me Be","Computerwife","Computerwife",2020-04-01,167514,40,spotify:user:7oy1cahboqkwjull3fqfl083i,2024-05-03T18:54:56Z,"lo-fi indie,new york shoegaze",0.573,0.814,6,-6.759,0,0.109,0.00139,0.221,0.29,0.286,122.083,4
4oAGV7IADPWfkpk6aGQqZt,"5BvJzeQpmsdsFp4HGUYUEx","Capricorn","Only God Was Above Us","Vampire Weekend",2024-04-05,249560,59,spotify:user:7oy1cahboqkwjull3fqfl083i,2024-05-08T02:49:01Z,"baroque pop,chamber pop,garage rock,indie rock,indietronica,modern rock",0.566,0.641,7,-4.085,1,0.0303,0.142,0.000743,0.0929,0.558,139.942,4
2KA5X1bvsobQBETOQ4YClI,"7blXVKBSxdFZsIqlhdViKc","When You Know Someone","When You Know Someone","Valley",2024-05-10,220500,54,spotify:user:7oy1cahboqkwjull3fqfl083i,2024-05-13T19:00:28Z,"hopebeat,indietronica,singer-songwriter pop",0.484,0.809,1,-7.437,1,0.0341,0.000033,0.00219,0.0939,0.41,160.009,4
1P2Lr7d0dL5yCaixOuz8CE,"4fHvJqxNjCIVcJekRTHoVh","Purple Canyon","VOLUME 1","MRCY",2024-05-10,193225,25,spotify:user:7oy1cahboqkwjull3fqfl083i,2024-05-14T19:23:22Z,"",0.548,0.716,4,-6.201,0,0.0862,0.338,0.0306,0.104,0.58,94.024,4
0yDeVJ5E1PH0ori0BMVyhP,"4fHvJqxNjCIVcJekRTHoVh","Days Like This","VOLUME 1","MRCY",2024-05-10,158134,24,spotify:user:7oy1cahboqkwjull3fqfl083i,2024-05-14T19:24:03Z,"",0.501,0.931,5,-4.746,0,0.084,0.0972,0,0.581,0.389,141.871,4
3jl676aK6eGkmcQxizfPRh,"1TkiNxDsrc0PgIWBrATCbe","Love On The Outside","Love On The Outside","Wishy",2024-05-13,238773,43,spotify:user:7oy1cahboqkwjull3fqfl083i,2024-05-15T19:46:27Z,"midwest shoegaze,zoomergaze",0.158,0.832,11,-5.872,1,0.0596,0.0212,0.00112,0.347,0.309,88.611,4
7sSnydn10cmiEDOd4hPKxU,"4qrHkx5cgWIslciLXUMrYw","Piece By Piece","You Won't Go Before You're Supposed To","Knocked Loose",2024-05-10,171176,54,spotify:user:7oy1cahboqkwjull3fqfl083i,2024-05-16T19:12:25Z,"kentucky metal,kentucky punk",0.244,0.97,9,-1.838,1,0.237,0.0000135,0.00292,0.522,0.115,174.752,4
52axOqZVdRqyH7ZTYGJX1Z,"4qrHkx5cgWIslciLXUMrYw","Take Me Home","You Won't Go Before You're Supposed To","Knocked Loose",2024-05-10,135678,53,spotify:user:7oy1cahboqkwjull3fqfl083i,2024-05-16T19:12:40Z,"kentucky metal,kentucky punk",0.594,0.801,0,-4.77,1,0.126,0.000377,0.082,0.253,0.209,132.968,4
0RId25O4DdEyFAuOap0mlX,"64mPnRMMeudAet0E62ypkx","Bob's Party Time Lounge","Brown Album","Primus",1998-01-01,283706,27,spotify:user:7oy1cahboqkwjull3fqfl083i,2024-05-16T19:13:19Z,"alternative metal,alternative rock,funk metal,funk rock,grunge,nu metal",0.552,0.8,0,-10.542,1,0.0808,0.156,0.075,0.814,0.304,74.502,4
5yVGW2o9LXaiiS4I3HUM3k,"2mVVjNmdjXZZDvhgQWiakk","May Ninth","A LA SALA","Khruangbin",2024-04-05,192144,67,spotify:user:7oy1cahboqkwjull3fqfl083i,2024-05-20T16:16:18Z,"indie soul,neo-psychedelic,world",0.609,0.356,6,-11.163,0,0.0364,0.353,0.855,0.138,0.531,80.838,4
6S7902OwgVJDnOqEG6J8ce,"0RLSq3hJOLcEezH3rTpnsB","Blueberry Bog","Right On","Humbird",2024-04-12,161321,19,spotify:user:7oy1cahboqkwjull3fqfl083i,2024-05-20T20:27:35Z,"midwest americana",0.6,0.643,5,-11.369,1,0.0281,0.122,0.000262,0.785,0.69,143.962,4
29qg46mkSEAvyN7l8TaBGX,"5gInJ5P5gQnOKPM3SUEVFt","The Light Nights","Look to the East, Look to the West","Camera Obscura",2024-05-03,273293,34,spotify:user:7oy1cahboqkwjull3fqfl083i,2024-05-20T20:28:12Z,"chamber pop,indie pop,scottish indie,scottish rock",0.494,0.672,11,-7.291,1,0.031,0.826,0.0000153,0.361,0.732,153.006,4
5yWrVrOXFLyfjMEpREkXf1,"5gInJ5P5gQnOKPM3SUEVFt","Liberty Print","Look to the East, Look to the West","Camera Obscura",2024-05-03,314240,38,spotify:user:7oy1cahboqkwjull3fqfl083i,2024-05-20T21:30:29Z,"chamber pop,indie pop,scottish indie,scottish rock",0.445,0.575,0,-8.16,1,0.0268,0.221,0.00698,0.111,0.32,135.654,4
3GG96xt9458ff2eBc6VOQF,"40DbKvYvADTiks7hZIUPHG,57g5z4HMqtXgvWJ0Gxjnp5","F.F.W.A.S.","Slamaholics, Vol. 2","PeelingFlesh,Chris Collier",2023-09-08,156600,46,spotify:user:7oy1cahboqkwjull3fqfl083i,2024-05-21T02:52:23Z,"slam death metal",0.455,0.988,2,-3.12,1,0.221,0.00436,0.299,0.279,0.217,150.07,4
0b4TKuvZ4eJ8eHgJgXaCnN,"4G9wSdX0klmoHfjm9i6DLd","Two-Way Mirror","I Let It in and It Took Everything","Loathe",2020-02-07,300186,58,spotify:user:7oy1cahboqkwjull3fqfl083i,2024-05-23T17:29:16Z,"nu-metalcore,progressive metalcore,uk metalcore,zoomergaze",0.32,0.84,2,-6.703,1,0.0447,0.0000786,0.761,0.135,0.173,160.104,4
1M3RuRadk9tD0zeumNA2v2,"1vwoujcmAbnNhouYzfEQ95","grit/wither","demonstration","velora",2023-11-11,262000,29,spotify:user:7oy1cahboqkwjull3fqfl083i,2024-05-28T18:21:39Z,"grungegaze,zoomergaze",0.136,0.742,1,-5.868,1,0.0566,0.00923,0.848,0.292,0.373,150.258,4
0HzQIsuZfE1xy5MDG2Pi8r,"5H9IFTRxSICj24uxO15ScU","R&B","This Could Be Texas","English Teacher",2024-04-12,168063,43,spotify:user:7oy1cahboqkwjull3fqfl083i,2024-05-29T16:07:06Z,"crank wave,uk post-punk revival",0.558,0.89,0,-3.126,1,0.103,0.0641,0.11,0.23,0.626,150.999,4
6UujMCzNxqaU5RooRvww1P,"5H9IFTRxSICj24uxO15ScU","Nearly Daffodils","This Could Be Texas","English Teacher",2024-04-12,226585,43,spotify:user:7oy1cahboqkwjull3fqfl083i,2024-05-29T16:09:30Z,"crank wave,uk post-punk revival",0.508,0.892,4,-3.32,1,0.0543,0.132,0.334,0.101,0.759,175.074,4
2ohUbEwy6pZJbNKH0125PD,"4OrizGCKhOrW6iDDJHN9xd","Somber The Drums","Frog In Boiling Water","DIIV",2024-05-24,238766,41,spotify:user:7oy1cahboqkwjull3fqfl083i,2024-05-29T19:29:52Z,"brooklyn indie,dream pop,dreamo,indie rock,indie surf,modern dream pop,neo-psychedelic,new york shoegaze,nu gaze,shoegaze",0.487,0.891,0,-4.312,0,0.0278,0.0249,0.724,0.115,0.449,97.02,4
3x8l16ooLTDJXBUBZ8wrBN,"4OrizGCKhOrW6iDDJHN9xd","In Amber","Frog In Boiling Water","DIIV",2024-05-24,248300,44,spotify:user:7oy1cahboqkwjull3fqfl083i,2024-05-30T21:36:36Z,"brooklyn indie,dream pop,dreamo,indie rock,indie surf,modern dream pop,neo-psychedelic,new york shoegaze,nu gaze,shoegaze",0.37,0.835,1,-4.574,0,0.036,0.000106,0.888,0.866,0.212,137.874,4
5RRcs0LTF0jOUvXedcvPnK,"0ZY9xX3ninRS8dDz82nRQS","Geek","Dust Bunnies","Bettie Serveert",1997-03-25,232133,8,spotify:user:7oy1cahboqkwjull3fqfl083i,2024-05-31T18:27:34Z,"dutch indie,dutch indie rock",0.345,0.541,0,-9.657,1,0.0339,0.000206,0.0171,0.0865,0.192,123.018,4
1y9v3Hm9vWUyT7hMJMS4JH,"0ZY9xX3ninRS8dDz82nRQS","Dreamaniacs","Attagirl","Bettie Serveert",2004-10-11,230653,6,spotify:user:7oy1cahboqkwjull3fqfl083i,2024-06-03T17:42:11Z,"dutch indie,dutch indie rock",0.47,0.68,7,-5.842,0,0.0308,0.207,0.0000322,0.121,0.223,139.164,4
1aw6TYqwJoYDI7R7loPupa,"0Qi9Fcmn1DJAoG8Agf5ibb,4LBdlNpHBD8dHPcVCrjSB6,3kKgcBXTgyAZhXPV3AaSZc,7K5Lm5dxoEwEpOS0Fc3l3s","Singing to the Mandolin","Keep Me on Your Mind/See You Free","Bonny Light Horseman,Eric D. Johnson,Josh Kaufman,Anaïs Mitchell",2024-06-07,238736,36,spotify:user:7oy1cahboqkwjull3fqfl083i,2024-06-07T17:05:46Z,"indie folk,new americana",0.631,0.474,2,-8.348,1,0.0285,0.242,0.0135,0.116,0.383,135.954,4
2nwtJgjl1liFtMfCSCJUmx,"0zprAu7NrzRehc0Q0Jc7mL","Iguana","Iguana","Man Man",2024-03-20,295688,8,spotify:user:7oy1cahboqkwjull3fqfl083i,2024-06-07T18:29:31Z,"philly indie",0.621,0.81,7,-4.388,1,0.0423,0.0875,0.0882,0.0523,0.499,158.066,4
5m2AvZcE0f59XTBDmjNqZA,"7GRrLcUxwtQLvOpO7OHO80","Hot! Heat! Wow! Hot!","Fronzoli","Psychedelic Porn Crumpets",2023-11-10,212617,41,spotify:user:7oy1cahboqkwjull3fqfl083i,2024-06-11T15:34:21Z,"australian garage punk,australian psych,neo-psychedelic",0.368,0.926,2,-7.859,1,0.083,0.000106,0.0000894,0.433,0.288,191.914,4
3YEZdzeaEEU3izY7XKP1ss,"1ukEEwzjucRtFTxiw2DrDZ","motorway","Below The Waste","Goat Girl",2024-06-07,201413,32,spotify:user:7oy1cahboqkwjull3fqfl083i,2024-06-12T02:59:08Z,"crank wave",0.54,0.598,5,-8.859,0,0.0315,0.0495,0.617,0.274,0.141,80.017,4
3i4cxcit6ceEC02syXAjO3,"6OpFzG0Srh37pwJUdwsETa","Doomsday","These Are My Sins","I The Breather",2010-12-07,222013,12,spotify:user:7oy1cahboqkwjull3fqfl083i,2024-06-14T17:28:53Z,"christian metalcore,deathcore,melodic metalcore,metalcore",0.449,0.991,7,-1.667,1,0.282,0.0000543,0.0000212,0.872,0.146,156.099,4
0LT3621CHAuunGBT5anawi,"2lZkXWxkZsZzBocxMjN1or","Theo B - Remastered","LP2 (2009 Edition)","Sunny Day Real Estate",1995-11-07,185146,24,spotify:user:7oy1cahboqkwjull3fqfl083i,2024-06-19T17:53:41Z,"emo,midwest emo,post-hardcore",0.372,0.929,10,-5.206,1,0.034,0.0000114,0.000518,0.0929,0.772,142.401,4
4BNhzmn1RXQw5vJQxjo8fc,"3zunDAtRDg7kflREzWAhxl","Dirty Girl","Shootenanny!","Eels",2003-01-01,161053,17,spotify:user:7oy1cahboqkwjull3fqfl083i,2024-06-27T16:04:51Z,"alternative rock,chamber pop,melancholia",0.511,0.828,0,-4.498,1,0.0275,0.038,0.00000118,0.354,0.553,103.613,4
25SroUtFZZgW9yqjlb5LYX,"2lZkXWxkZsZzBocxMjN1or","One","The Rising Tide","Sunny Day Real Estate",2000-06-20,249226,28,spotify:user:7oy1cahboqkwjull3fqfl083i,2024-06-19T19:36:45Z,"emo,midwest emo,post-hardcore",0.346,0.875,0,-4.949,1,0.045,0.00104,0,0.116,0.295,146.093,3
73ESek0SF1ZcdRKMc8hsKi,"4G9wSdX0klmoHfjm9i6DLd","New Faces in the Dark","I Let It in and It Took Everything","Loathe",2020-02-07,192053,51,spotify:user:7oy1cahboqkwjull3fqfl083i,2024-07-01T16:30:57Z,"nu-metalcore,progressive metalcore,uk metalcore,zoomergaze",0.384,0.974,9,-5.355,0,0.17,0.0000655,0.734,0.628,0.105,164.914,4
1c1K8EWT4WGHmheBdU0Q51,"4b3YHpER4myVsne2QK3kXe","Bystander","Unaltered Perspective","Inclination",2022-10-21,185606,22,spotify:user:7oy1cahboqkwjull3fqfl083i,2024-07-16T19:25:37Z,"kentucky punk,metallic hardcore,vegan straight edge",0.271,0.968,1,-4.13,1,0.133,0.0000941,0.000102,0.125,0.181,87.69,4
7F8eFixvj36lYMLtObtRrj,"0NB5HROxc8dDBXpkIi1v3d","Wave","Big Ideas","Remi Wolf",2024-07-12,229164,58,spotify:user:7oy1cahboqkwjull3fqfl083i,2024-07-17T16:08:29Z,"indie pop,modern alternative pop",0.449,0.818,4,-3.872,0,0.0992,0.0191,0,0.155,0.629,160.028,4
2zwu30IX2XIPhsQD8AdbWW,"5ictveRyhWRs8Gt8Dvt1hS","Funny You Should Ask","Talon Of The Hawk","The Front Bottoms",2013-05-21,213802,50,spotify:user:7oy1cahboqkwjull3fqfl083i,2024-07-19T20:43:47Z,"asbury park indie,emo,new jersey indie,pov: indie",0.451,0.919,0,-5.637,1,0.0577,0.00525,0.00000132,0.133,0.783,141.178,4
4JfpJrrGNXRj2yXm1fYV23,"73sIBHcqh3Z3NyqHKZ7FOL","Lithonia","Lithonia","Childish Gambino",2024-07-02,179320,77,spotify:user:7oy1cahboqkwjull3fqfl083i,2024-07-22T19:18:42Z,"atl hip hop,hip hop,rap",0.415,0.383,1,-7.629,1,0.0287,0.0948,0,0.118,0.172,140.102,4
5IiyHmNFsTx6PLI2diNH98,"6meTcQ79DrfkIuSLPZkpBg","Big Blind","Big Blind","The Story So Far",2023-08-03,144986,46,spotify:user:7oy1cahboqkwjull3fqfl083i,2024-07-25T16:41:54Z,"alternative emo,emo,pop punk",0.333,0.975,8,-3.712,1,0.146,0.0000311,0.00567,0.386,0.381,169.923,4
7a9YHMSPiJldT1iXVrQWmm,"6meTcQ79DrfkIuSLPZkpBg","Keep You Around","I Want To Disappear","The Story So Far",2024-06-21,230443,54,spotify:user:7oy1cahboqkwjull3fqfl083i,2024-07-25T16:44:25Z,"alternative emo,emo,pop punk",0.43,0.912,1,-4.127,1,0.0563,0.00224,0.00000122,0.0855,0.498,164.021,4
2rz7Mpa5QBShuFp0FkaZLt,"5e9SnnT1mabuWwjwu6FrZD","Identical Days","Together In Lonesome","Youth Fountain",2023-11-03,184266,29,spotify:user:7oy1cahboqkwjull3fqfl083i,2024-08-01T02:14:51Z,"anthem emo,canadian pop punk,easycore,kelowna bc indie,pop punk,vancouver punk",0.509,0.919,10,-2.275,1,0.0694,0.00194,0.00339,0.363,0.556,112.603,4
